student_id	name	original_text	hybrid_text	pdf_intruder_numbers	fuzz_intruder_numbers	fuzz_intruder_scores	intruder_sentences	replacement_words	original_words	pos_labels
202401746	황인성	"**Generational Conflict Over Japanese Culture in Korea**

Generational conflict over the enjoyment of Japanese culture is a significant issue in South Korea. This conflict has historical roots, as Korea was colonized by Japan from 1910 to 1945. Older generations in Korea often remember this time as a period of suffering and loss of national identity. As a result, many older Koreans feel strong negative emotions about Japan and its culture. They see the enjoyment of Japanese music, animation, or fashion as disrespectful to Korean history and those who suffered during colonization. In contrast, younger Koreans usually have a different perspective. For them, Japanese culture is appealing and exciting, and it is not strongly connected to historical pain. They are interested in anime, J-pop, and Japanese brands, and they view the consumption of these cultural products as a personal choice rather than a political act.

This generational divide often leads to misunderstanding and tension within families and society. Parents may be upset when their children listen to Japanese songs, or teachers may discourage students from discussing Japanese movies. Such conflicts are not only about culture, but also about values and identity. Younger people tend to value individual freedom and global citizenship, while older people emphasize national pride and historical memory.

Interestingly, the COVID-19 pandemic temporarily reduced this conflict. During the pandemic, social gatherings were limited, and people spent more time at home. This meant that there were fewer opportunities for direct argument or confrontation about cultural preferences. In addition, the pandemic made online entertainment, including Japanese content, more popular among all age groups. As a result, the generational conflict over Japanese culture became less visible, although it did not disappear completely. In conclusion, the conflict between older and younger Koreans about Japanese culture is deeply rooted in history, but recent global events like the pandemic have influenced how it is expressed in daily life."	"[ 01 ] **Generational Conflict Over Japanese Culture in Korea**

Generational conflict over the enjoyment of Japanese culture is a significant issue in South Korea. [ 02 ] This conflict has historical roots, as Korea was occupied by Japan from 1910 to 1945. [ 03 ] Older generations in Korea often remember this time as a period of suffering and loss of national identity. [ 04 ] As a result, many older Koreans feel strong negative emotions about Japan and its culture. [ 05 ] They see the enjoyment of Japanese music, animation, or fashion as insulting to Korean history and those who suffered during colonization. [ 06 ] Such responses may stem from historical conflicts or lingering cultural sensitivities that shape contemporary attitudes toward Japanese media. [ 07 ] In contrast, younger Koreans usually have a different perspective. [ 08 ] For them, Japanese culture is appealing and exciting, and it is not strongly connected to historical pain. [ 09 ] They are interested in anime, J-pop, and Japanese brands, and they view the consumption of these cultural products as a personal choice rather than a political act. [ 10 ] This generational divide often leads to misconception and tension within families and society. [ 11 ] This generational divide is evident in heated debates on social media platforms, where older users sometimes criticize younger Koreans for their enthusiasm toward Japanese trends. [ 12 ] Parents may be upset when their children listen to Japanese songs, or teachers may deter students from discussing Japanese movies. [ 13 ] Such conflicts are not only about culture, but also about values and identity. [ 14 ] Younger people tend to value individual freedom and global citizenship, while older people emphasize national pride and historical memory. [ 15 ] These differing priorities can lead to generational misunderstandings regarding immigration policy and civic participation. [ 16 ] Interestingly, the COVID-19 pandemic temporarily reduced this conflict. [ 17 ] During the pandemic, social gatherings were limited, and people spent more time at home. [ 18 ] This meant that there were fewer opportunities for direct argument or confrontation about cultural preferences. [ 19 ] In addition, the pandemic made online entertainment, including Japanese content, more popular among all age groups. [ 20 ] The increased consumption of shared digital media during this period allowed for more intergenerational exposure to Japanese cultural products within households. [ 21 ] As a result, the generational conflict over Japanese culture became less visible, although it did not vanish completely. [ 22 ] In conclusion, the conflict between older and younger Koreans about Japanese culture is deeply rooted in history, but recent global events like the pandemic have influenced how it is expressed in daily life."	11,6,15,20	6,11,15,20	0.475,0.486,0.555,0.478	This generational divide is evident in heated debates on social media platforms, where older users sometimes criticize younger Koreans for their enthusiasm toward Japanese trends. || Such responses may stem from historical conflicts or lingering cultural sensitivities that shape contemporary attitudes toward Japanese media. || These differing priorities can lead to generational misunderstandings regarding immigration policy and civic participation. || The increased consumption of shared digital media during this period allowed for more intergenerational exposure to Japanese cultural products within households.	insulting,occupied,misconception,deter,vanish	disrespectful,colonized,misunderstanding,discourage,disappear	adjective,verb,noun,verb,verb
202402023	장기현	"**The Importance of a Systematic Writing Process in Academic Writing**

Academic writing is an essential skill for students and professionals alike. One of the most effective ways to produce quality academic work is to follow a systematic writing process. This approach helps writers organize their thoughts, develop clear arguments, and avoid common mistakes. In this essay, I will discuss why a systematic writing process is important and how it can improve academic writing.

Firstly, a systematic process allows writers to plan their work before they begin writing. This usually starts with understanding the assignment and researching the topic. By gathering information and making notes, writers can identify the main ideas they want to include. This stage helps to prevent confusion later and ensures that the writing is focused on the topic.

Secondly, organizing ideas before writing the first draft is very useful. Creating an outline helps writers structure their arguments logically. With a clear outline, it is easier to see how each part of the essay connects to the main thesis. As a result, the writing flows better, and the reader can follow the writer’s argument more easily.

Another important step in the writing process is revising and editing. After completing a first draft, writers should review their work and make changes to improve clarity and coherence. This might involve reorganizing paragraphs, adding examples, or correcting grammar mistakes. Revising and editing are essential because they help writers produce clear and error-free texts.

Finally, following a systematic process can reduce stress and save time. When writers know what steps to follow, they are less likely to feel overwhelmed by the task. This method also helps them meet deadlines because they can plan their work in advance.

In conclusion, following a systematic writing process is crucial in academic writing. It leads to better organization, clearer arguments, and higher-quality work. By taking the time to plan, organize, write, and revise, writers can produce more effective and successful academic texts."	"[ 01 ] **The Importance of a Systematic Writing Process in Academic Writing**

Academic writing is an essential skill for students and professionals alike. [ 02 ] One of the most effective ways to produce quality academic work is to follow a systematic writing process. [ 03 ] This approach helps writers organize their thoughts, develop clear arguments, and avoid common mistakes. [ 04 ] In this essay, I will discuss why a systematic writing process is important and how it can improve academic writing. [ 05 ] Firstly, a systematic process allows writers to plan their work before they begin writing. [ 06 ] This usually starts with understanding the assignment and researching the topic. [ 07 ] Advance planning enables writers to allocate sufficient time for research, drafting, and revision within their schedules. [ 08 ] By gathering information and making notes, writers can identify the main ideas they want to include. [ 09 ] This stage helps to prevent confusion later and ensures that the writing is focused on the topic. [ 10 ] Secondly, organizing ideas before writing the first draft is very useful. [ 11 ] Creating an outline helps writers structure their arguments logically. [ 12 ] A well-structured outline also aids in identifying gaps in reasoning or evidence before the drafting stage begins. [ 13 ] With a clear outline, it is easier to see how each part of the essay connects to the main thesis. [ 14 ] As a result, the writing flows better, and the reader can follow the writer’s argument more easily. [ 15 ] Another important step in the writing process is revising and editing. [ 16 ] After completing a first draft, writers should review their work and make changes to improve clarity and coherence. [ 17 ] This iterative approach also enables writers to identify gaps in logic or evidence, ensuring that each claim is thoroughly supported. [ 18 ] This might involve restructuring sections, adding examples, or rectifying grammar mistakes. [ 19 ] Careful editing can also ensure consistency in terminology and adherence to the specific style guidelines required by academic disciplines. [ 20 ] Revising and editing are essential because they help writers produce clear and error-free texts. [ 21 ] Finally, following a systematic process can reduce stress and save time. [ 22 ] When writers know what steps to follow, they are less likely to feel overwhelmed by the task. [ 23 ] This method also helps them meet timelines because they can plan their work in advance. [ 24 ] In conclusion, following a systematic writing process is crucial in academic writing. [ 25 ] It leads to better organization, sharper arguments, and higher-quality work. [ 26 ] By taking the time to plan, organize, write, and revise, writers can produce more effective and successful academic texts."	12,19,7,17	7,12,17,19	0.471,0.464,0.489,0.462	A well-structured outline also aids in identifying gaps in reasoning or evidence before the drafting stage begins. || Careful editing can also ensure consistency in terminology and adherence to the specific style guidelines required by academic disciplines. || Advance planning enables writers to allocate sufficient time for research, drafting, and revision within their schedules. || This iterative approach also enables writers to identify gaps in logic or evidence, ensuring that each claim is thoroughly supported.	restructuring,timelines,sections,rectifying,sharper	reorganizing,deadlines,paragraphs,correcting,clearer	verb,noun,noun,verb,adjective
